<?xml version="1.0" encoding="UTF-8"?>
<faces-config version="2.2"
              xmlns="http://xmlns.jcp.org/xml/ns/javaee"
              xmlns:xsi="http://www.w3.org/2001/XMLSchema-instance"
              xsi:schemaLocation="http://xmlns.jcp.org/xml/ns/javaee http://xmlns.jcp.org/xml/ns/javaee/web-facesconfig_2_2.xsd">

<navigation-rule>
    <from-view-id>/inicioTaller1.xhtml</from-view-id>
    <navigation-case>
        <from-outcome>respuestaTaller1</from-outcome>
        <to-view-id>/respuestaTaller1.xhtml</to-view-id>
    </navigation-case>
</navigation-rule>

<managed-bean>
  <managed-bean-name>calculadoraBean</managed-bean-name>
  <managed-bean-class>co.edu.unbosque.model.CalculadoraBean</managed-bean-class>
  <managed-bean-scope>request</managed-bean-scope>
</managed-bean>


</faces-config>
